<?xml version="1.0" encoding="UTF-8"?>
<!DOCTYPE mapper PUBLIC "-//mybatis.org//DTD Mapper 3.0//EN" "http://mybatis.org/dtd/mybatis-3-mapper.dtd">
<mapper namespace="com.roncoo.pay.permission.dao.impl.PmsRolePermissionDaoImpl">

	<!-- Pms权限管理：角色与权限关联表 -->
	<sql id="pms_role_permission"> PMS_ROLE_PERMISSION </sql>

	<resultMap id="beanMap" type="com.roncoo.pay.permission.entity.PmsRolePermission">
		<id column="id" property="id" jdbcType="INTEGER" />
		<result column="version" property="version" jdbcType="INTEGER" />
		<result column="status" property="status" jdbcType="VARCHAR" />
		<result column="creater" property="creater" jdbcType="VARCHAR" />
		<result column="create_time" property="createTime" jdbcType="TIMESTAMP" />
		<result column="editor" property="editor" jdbcType="VARCHAR" />
		<result column="edit_time" property="editTime" jdbcType="TIMESTAMP" />
		<result column="remark" property="remark" jdbcType="VARCHAR" />
		<result column="role_id" property="roleId" jdbcType="VARCHAR" />
		<result column="permission_id" property="permissionId" jdbcType="VARCHAR" />
	</resultMap>

	<insert id="insert" parameterType="com.roncoo.pay.permission.entity.PmsRolePermission" keyProperty="id" useGeneratedKeys="true">
		insert into
		<include refid="pms_role_permission" />
		(id,version,status,creater,create_time, editor, edit_time, remark,role_id,permission_id)
		values
		(#{id},0,#{status},#{creater}, #{createTime}, #{editor},#{editTime},#{remark},#{roleId}, #{permissionId})

	</insert>

	<sql id="condition_sql">
		<!-- Equal query -->
		<if test="roleId != null"> and role_id = #{roleId}</if>
		<if test="permissionId != null"> and permission_id = #{permissionId}</if>
	</sql>

	<select id="listByPermissionId" parameterType="Long" resultMap="beanMap">
		select * from
		<include refid="pms_role_permission" />
		where permission_id = #{permissionId}
	</select>

	<select id="listByRoleId" parameterType="Long" resultMap="beanMap">
		select * from
		<include refid="pms_role_permission" />
		where role_id = #{roleId}
	</select>

	<select id="listByRoleIds" resultMap="beanMap">
		select * from
		<include refid="pms_role_permission" />
		where role_id in
		<foreach item="item" index="index" collection="list" open="(" separator="," close=")">#{item}</foreach>
	</select>

	<delete id="deleteByPermissionId" parameterType="Long">
		delete from
		<include refid="pms_role_permission" />
		where permission_id = #{permissionId}
	</delete>

	<delete id="deleteByRoleId" parameterType="Long">
		delete from
		<include refid="pms_role_permission" />
		where role_id = #{roleId}
	</delete>
	
	<delete id="deleteByRoleIdAndPermissionId" parameterType="java.util.Map">
		delete from
		<include refid="pms_role_permission" />
		where role_id = #{roleId} and permission_id = #{permissionId}
	</delete>

</mapper>