﻿<?xml version="1.0" encoding="UTF-8" ?>
<beans xmlns="http://www.springframework.org/schema/beans" xmlns:xsi="http://www.w3.org/2001/XMLSchema-instance" xmlns:p="http://www.springframework.org/schema/p" xmlns:context="http://www.springframework.org/schema/context" xmlns:aop="http://www.springframework.org/schema/aop" xmlns:tx="http://www.springframework.org/schema/tx" xmlns:cache="http://www.springframework.org/schema/cache"
	xsi:schemaLocation="http://www.springframework.org/schema/beans http://www.springframework.org/schema/beans/spring-beans-3.2.xsd
	   http://www.springframework.org/schema/context http://www.springframework.org/schema/context/spring-context-3.2.xsd
	   http://www.springframework.org/schema/tx http://www.springframework.org/schema/tx/spring-tx-3.2.xsd
       http://www.springframework.org/schema/aop http://www.springframework.org/schema/aop/spring-aop-3.2.xsd
       http://www.springframework.org/schema/cache http://www.springframework.org/schema/cache/spring-cache-3.2.xsd" default-autowire="byName" default-lazy-init="false">

	<!--注解配置 -->
	<context:annotation-config />

	<!-- 配置要扫描的包 -->
	<context:component-scan base-package="com.roncoo" />

	<!-- <context:property-placeholder location="classpath:db.properties, classpath:public_system.properties"/> 读入配置属性文件 -->
	<!-- proxy-target-class默认"false",更改为"ture"使用CGLib动态代理 -->
	<aop:aspectj-autoproxy proxy-target-class="true" />
	
		<!-- 线程池 -->
	<bean id="settThreadPoolExecutor" class="com.roncoo.pay.app.settlement.utils.SettThreadPoolExecutor" init-method="init" destroy-method="destroy">
		<!-- 最小线程数 -->
		<property name="corePoolSize" value="5" />
		<!-- 最大线程数 -->
		<property name="maxPoolSize" value="10" />
		<!-- 线程池缓冲队列大小 -->
		<property name="workQueueSize" value="256" />
		<!-- 许线程闲置时间,单位：秒 -->
		<property name="keepAliveTime" value="3" />
	</bean>


	<!-- 配置线程池 -->
	<bean id="threadPoolTaskExecutor" class="org.springframework.scheduling.concurrent.ThreadPoolTaskExecutor">
		<!-- 线程池维护线程的最少数量 -->
		<property name="corePoolSize" value="20" />
		<!-- 线程池维护线程所允许的空闲时间 -->
		<property name="keepAliveSeconds" value="30000" />
		<!-- 线程池维护线程的最大数量 -->
		<property name="maxPoolSize" value="200" />
		<!-- 线程池所使用的缓冲队列 -->
		<property name="queueCapacity" value="1000" />
	</bean>

	<import resource="classpath:spring/spring-context-service.xml" />
</beans>
